"","IACT_mu","IACT_phi","IACT_tau2","IACT_rho"
"var1",151.915814711319,65.9446674612078,110.842828500087,147.516841685708
